{
  "experiment": "s3_network_timing_comparison",
  "providers": {
    "csprng": {
      "experiment": "s3_network_timing",
      "provider": "csprng",
      "mutation_interval_s": 2.0,
      "num_mutations": 50,
      "num_intervals": 49,
      "intervals": [
        2.00624,
        2.56717,
        2.451667,
        2.345689,
        2.220023,
        2.436843,
        2.212254,
        2.217491,
        2.547409,
        2.335223,
        2.549205,
        2.100868,
        2.31958,
        2.771965,
        2.557856,
        2.219092,
        2.886005,
        2.77418,
        2.560172,
        2.553322,
        2.780401,
        2.569988,
        2.901959,
        2.584013,
        2.788159,
        2.347903,
        2.56796,
        2.671309,
        2.7813,
        2.336527,
        2.660552,
        2.105454,
        2.784809,
        2.558772,
        2.670812,
        2.663996,
        2.772107,
        2.569698,
        2.550283,
        2.453921,
        2.227235,
        2.552953,
        2.661975,
        2.548307,
        2.775189,
        2.772865,
        2.002726,
        2.441027,
        2.559193
      ],
      "mean_interval_s": 2.516197,
      "std_interval_s": 0.229634,
      "min_interval_s": 2.002726,
      "max_interval_s": 2.901959,
      "median_interval_s": 2.557856,
      "total_time_s": 125.86,
      "poll_interval_s": 0.1,
      "total_polls": 1132,
      "timestamp": "20260412T231111Z",
      "environment": "mininet_kali_ovs"
    },
    "dead": {
      "experiment": "s3_network_timing",
      "provider": "dead",
      "mutation_interval_s": 2.0,
      "num_mutations": 50,
      "num_intervals": 49,
      "intervals": [
        2.438091,
        2.10654,
        2.665062,
        2.569082,
        2.327588,
        2.451716,
        2.440839,
        2.438951,
        2.428895,
        2.655165,
        1.992568,
        2.659106,
        2.43278,
        2.550524,
        2.775131,
        2.439553,
        2.443729,
        2.555658,
        2.557241,
        2.122948,
        2.55355,
        2.773864,
        2.213535,
        2.76851,
        2.658391,
        2.546267,
        2.651992,
        2.549533,
        2.434243,
        2.321085,
        2.546062,
        2.654811,
        2.656402,
        2.100323,
        2.668656,
        2.543562,
        2.43117,
        2.43755,
        2.326401,
        2.769883,
        2.655051,
        2.656219,
        1.98632,
        2.763437,
        2.657815,
        2.342334,
        3.000776,
        2.333544,
        2.66401
      ],
      "mean_interval_s": 2.504418,
      "std_interval_s": 0.213566,
      "min_interval_s": 1.98632,
      "max_interval_s": 3.000776,
      "median_interval_s": 2.546267,
      "total_time_s": 123.49,
      "poll_interval_s": 0.1,
      "total_polls": 1114,
      "timestamp": "20260412T231549Z",
      "environment": "mininet_kali_ovs"
    },
    "prng": {
      "experiment": "s3_network_timing",
      "provider": "prng",
      "mutation_interval_s": 2.0,
      "num_mutations": 50,
      "num_intervals": 49,
      "intervals": [
        2.220064,
        2.777395,
        2.763721,
        2.10276,
        2.663881,
        2.321784,
        2.535974,
        2.873467,
        2.651361,
        2.4304,
        2.763088,
        2.424425,
        2.210375,
        2.756899,
        2.318934,
        2.217092,
        2.317352,
        2.426275,
        2.761646,
        2.535749,
        2.211978,
        2.328853,
        2.654274,
        2.210301,
        2.436373,
        2.669101,
        2.583129,
        2.773562,
        2.555896,
        2.226573,
        2.334806,
        2.668414,
        2.337045,
        2.319885,
        2.10524,
        2.658863,
        2.765144,
        2.549681,
        2.219296,
        2.677547,
        2.677899,
        2.116354,
        2.220484,
        2.43661,
        2.43162,
        2.322544,
        2.891786,
        2.346036,
        2.111068
      ],
      "mean_interval_s": 2.467612,
      "std_interval_s": 0.229185,
      "min_interval_s": 2.10276,
      "max_interval_s": 2.891786,
      "median_interval_s": 2.43162,
      "total_time_s": 121.8,
      "poll_interval_s": 0.1,
      "total_polls": 1099,
      "timestamp": "20260412T230842Z",
      "environment": "mininet_kali_ovs"
    }
  },
  "timestamp": "20260412T231630Z",
  "environment": "mininet_kali_ovs"
}