{
  "experiment": "s3_network_timing",
  "provider": "prng",
  "mutation_interval_s": 2.0,
  "num_mutations": 50,
  "num_intervals": 49,
  "intervals": [
    2.220064,
    2.777395,
    2.763721,
    2.10276,
    2.663881,
    2.321784,
    2.535974,
    2.873467,
    2.651361,
    2.4304,
    2.763088,
    2.424425,
    2.210375,
    2.756899,
    2.318934,
    2.217092,
    2.317352,
    2.426275,
    2.761646,
    2.535749,
    2.211978,
    2.328853,
    2.654274,
    2.210301,
    2.436373,
    2.669101,
    2.583129,
    2.773562,
    2.555896,
    2.226573,
    2.334806,
    2.668414,
    2.337045,
    2.319885,
    2.10524,
    2.658863,
    2.765144,
    2.549681,
    2.219296,
    2.677547,
    2.677899,
    2.116354,
    2.220484,
    2.43661,
    2.43162,
    2.322544,
    2.891786,
    2.346036,
    2.111068
  ],
  "mean_interval_s": 2.467612,
  "std_interval_s": 0.229185,
  "min_interval_s": 2.10276,
  "max_interval_s": 2.891786,
  "median_interval_s": 2.43162,
  "total_time_s": 121.8,
  "poll_interval_s": 0.1,
  "total_polls": 1099,
  "timestamp": "20260412T230842Z",
  "environment": "mininet_kali_ovs"
}