{
  "experiment": "s3_network_timing",
  "provider": "csprng",
  "mutation_interval_s": 2.0,
  "num_mutations": 50,
  "num_intervals": 49,
  "intervals": [
    2.00624,
    2.56717,
    2.451667,
    2.345689,
    2.220023,
    2.436843,
    2.212254,
    2.217491,
    2.547409,
    2.335223,
    2.549205,
    2.100868,
    2.31958,
    2.771965,
    2.557856,
    2.219092,
    2.886005,
    2.77418,
    2.560172,
    2.553322,
    2.780401,
    2.569988,
    2.901959,
    2.584013,
    2.788159,
    2.347903,
    2.56796,
    2.671309,
    2.7813,
    2.336527,
    2.660552,
    2.105454,
    2.784809,
    2.558772,
    2.670812,
    2.663996,
    2.772107,
    2.569698,
    2.550283,
    2.453921,
    2.227235,
    2.552953,
    2.661975,
    2.548307,
    2.775189,
    2.772865,
    2.002726,
    2.441027,
    2.559193
  ],
  "mean_interval_s": 2.516197,
  "std_interval_s": 0.229634,
  "min_interval_s": 2.002726,
  "max_interval_s": 2.901959,
  "median_interval_s": 2.557856,
  "total_time_s": 125.86,
  "poll_interval_s": 0.1,
  "total_polls": 1132,
  "timestamp": "20260412T231111Z",
  "environment": "mininet_kali_ovs"
}