{
  "experiment": "s3_network_timing",
  "provider": "dead",
  "mutation_interval_s": 2.0,
  "num_mutations": 50,
  "num_intervals": 49,
  "intervals": [
    2.438091,
    2.10654,
    2.665062,
    2.569082,
    2.327588,
    2.451716,
    2.440839,
    2.438951,
    2.428895,
    2.655165,
    1.992568,
    2.659106,
    2.43278,
    2.550524,
    2.775131,
    2.439553,
    2.443729,
    2.555658,
    2.557241,
    2.122948,
    2.55355,
    2.773864,
    2.213535,
    2.76851,
    2.658391,
    2.546267,
    2.651992,
    2.549533,
    2.434243,
    2.321085,
    2.546062,
    2.654811,
    2.656402,
    2.100323,
    2.668656,
    2.543562,
    2.43117,
    2.43755,
    2.326401,
    2.769883,
    2.655051,
    2.656219,
    1.98632,
    2.763437,
    2.657815,
    2.342334,
    3.000776,
    2.333544,
    2.66401
  ],
  "mean_interval_s": 2.504418,
  "std_interval_s": 0.213566,
  "min_interval_s": 1.98632,
  "max_interval_s": 3.000776,
  "median_interval_s": 2.546267,
  "total_time_s": 123.49,
  "poll_interval_s": 0.1,
  "total_polls": 1114,
  "timestamp": "20260412T231549Z",
  "environment": "mininet_kali_ovs"
}